author,genre,image_url,price,rating,reviews_count,title
Joseph Nguyen,Self Help,https://m.media-amazon.com/images/I/715qi-cIbML._AC_UY218_.jpg,163,4.5,"11,964",Don't Believe Everything You Think (English)
Cal Newport,Self Help,https://m.media-amazon.com/images/I/81JJ7fyyKyS._AC_UY218_.jpg,232,4.5,"30,704",DEEP WORK: RULES FOR FOCUSED SUCCESS IN A DISTRACTED WORLD
Thibaut Meurisse,Self Help,https://m.media-amazon.com/images/I/712K3sdLlRL._AC_UY218_.jpg,181,4.4,"14,851",Dopamine Detox: A Short Guide to Remove Distractions and Get Your Brain to Do Hard Things
Brianna Wiest,Self Help,https://m.media-amazon.com/images/I/61xivWmExiL._AC_UY218_.jpg,259,4.4,"23,042",The Mountain Is You: Transforming Self-Sabotage Into Self-Mastery (English)
Jeff Keller,Self Help,https://m.media-amazon.com/images/I/61go3pwTLYL._AC_UY218_.jpg,135,4.5,"26,132",Attitude is Everything change your attitude change your life!
by,Self Help,https://m.media-amazon.com/images/I/71pEaSYkhsL._AC_UY218_.jpg,199,4.5,448,"The Art of Letting Go by Nick Trenton | A Self-Help Guide to Emotional Freedom, Inner Peace & Overcoming Anxiety | Learn to Heal, Grow & Move On from the Past"
Joseph Murphy,Self Help,https://m.media-amazon.com/images/I/61WMgOHyDaL._AC_UY218_.jpg,99,4.4,"77,590",The Power of Your Subconscious Mind: Original Classic Edition | Premium Paperback
Nick Trenton,Self Help,https://m.media-amazon.com/images/I/81TwewImvVL._AC_UY218_.jpg,168,4.3,"12,587",Stop Overthinking
Peter Hollins,Self Help,https://m.media-amazon.com/images/I/81A6gJs73QL._AC_UY218_.jpg,258,4.6,216,"The Science of Self-Discipline: The Willpower, Mental Toughness and Self-Control to Resist Temptation and Achieve Your Goals"
Tam Kaur,Self Help,https://m.media-amazon.com/images/I/71GBDoieNJL._AC_UY218_.jpg,220,4.6,469,Buy Yourself The Damn Flowers
by,Self Help,https://m.media-amazon.com/images/I/71TqdH9wTmL._AC_UY218_.jpg,315,4.5,"26,958",World’s Greatest Books For Personal Growth & Wealth (Set of 4 Books) : Perfect Motivational Gift Set
Darius Foroux,Self Help,https://m.media-amazon.com/images/I/71XpkRq0ncL._AC_UY218_.jpg,149,4.2,"14,799","THINK STRAIGHT: Change Your Thoughts, Change Your Life"
Morgan Housel,Self Help,https://m.media-amazon.com/images/I/71XEsXS5RlL._AC_UY218_.jpg,259,4.6,"73,500",The Psychology of Money
James Clear,Self Help,https://m.media-amazon.com/images/I/81F90H7hnML._AC_UY218_.jpg,471,4.6,"77,738",Atomic Habits: The life-changing million copy bestseller
Dale Carnegie,Self Help,https://m.media-amazon.com/images/I/81McNZ8w2qL._AC_UY218_.jpg,562,4.5,397,"Pack of 6 Self Help Book for Adult - How to Self Confidence, Stop Worrying, Win Friends, Subconscios Mind, Think & Grow and Art of War"
Leil Lowndes,Self Help,https://m.media-amazon.com/images/I/61B0Z0Buu6L._AC_UY218_.jpg,268,4.4,"15,184",How to Talk to Anyone: 92 Little Tricks for Big Success in Relationships
Shrijeet Shandilya,Romance,https://m.media-amazon.com/images/I/71zpck45b2L._AC_UY218_.jpg,200,4.3,229,"Can We Be Strangers Again?: A moving tale of love, loyalty and the bittersweet beauty of letting go"
Radhika Agrawal,Romance,https://m.media-amazon.com/images/I/71nj0zxKijL._AC_UY218_.jpg,326,4.6,266,Red Flags and Rishtas : A Desi Rom Com
Ana Huang,Romance,https://m.media-amazon.com/images/I/71YJet75sxL._AC_UY218_.jpg,370,4.3,"127,252",TWISTED LOVE
"Durjoy, Datta,",Romance,https://m.media-amazon.com/images/I/814RhA2+2GL._AC_UY218_.jpg,128,4.3,"3,537","Touch of Eternity, A"
by,Romance,https://m.media-amazon.com/images/I/61lAgJKkJwL._AC_UY218_.jpg,188,,,"BUNGLE ICEBREAKER – A Heartfelt Young Adult Romance Novel, High School Love Story, Teen Romance Book, Coming-of-Age Fiction for Teens, Emotional Love Story Book for Girls"
Srishti Chaudhary,Romance,https://m.media-amazon.com/images/I/61d9YDyvKEL._AC_UY218_.jpg,255,4.2,563,Lallan Sweets
Rebecca Yarros,Romance,https://m.media-amazon.com/images/I/81cquiyLW8L._AC_UY218_.jpg,279,4.6,"418,817",Fourth Wing: DISCOVER THE INSTANT SUNDAY TIMES AND NUMBER ONE GLOBAL BESTSELLING PHENOMENON!* (The Empyrean)
Emily Henry,Romance,https://m.media-amazon.com/images/I/71kXMBKI8OL._AC_UY218_.jpg,324,4.4,"100,825",Funny Story
Sarah Adams,Romance,https://m.media-amazon.com/images/I/71baLm1F++L._AC_UY218_.jpg,178,4.2,"8,237",The Temporary Roomie: A bestselling Romantic Comedy ǀ A hilarious romance of enemies turned lovers as seen on TikTok
Stuti Changle,Romance,https://m.media-amazon.com/images/I/71dNsRuYL7L._AC_UY218_.jpg,163,4.3,"3,258",You Only Live Once: A Journey of Self-Discovery and Empowerment | Inspiring Fiction by Stuti Changle | Personal Growth and Motivational Stories
Ali Hazelwood,Romance,https://m.media-amazon.com/images/I/81iE+2VfUpL._AC_UY218_.jpg,374,4.3,"33,051",Love Theoretically
Sarah Adams,Romance,https://m.media-amazon.com/images/I/71pJzAAalLL._AC_UY218_.jpg,162,4.2,"11,017",The Off Limits Rule: A bestselling Romantic Comedy by a New York Times Bestselling author ǀ From the bestselling author of The Temporary Roomie
Roxie Noir,Romance,https://m.media-amazon.com/images/I/71gvGw2rq7L._AC_UY218_.jpg,0,4.0,"23,431",Enemies With Benefits: An Enemies-to-Lovers Romance (Loveless Brothers Romance Book 1)
Lauren Jackson,Romance,https://m.media-amazon.com/images/I/71tUKm9qYkL._AC_UY218_.jpg,330,4.0,1,"Die For You: A Steamy Vampire Romance Full of Secrets, Survival, and a Love Worth Dying For"
Prajakta Koli,Romance,https://m.media-amazon.com/images/I/818vo2TWp+L._AC_UY218_.jpg,236,4.4,"1,547","Too Good to Be True : A smart, funny will-they-won’t-they romance by mostlysane"
Emily Henry,Romance,https://m.media-amazon.com/images/I/71eogxZGAFL._AC_UY218_.jpg,344,4.2,"98,309",Book Lovers
A.P.J. Abdul Kalam,Biography,https://m.media-amazon.com/images/I/71VOI-r3IKL._AC_UY218_.jpg,129,4.6,"5,805",My Journey: Transforming Dreams into Actions
Walter Isaacson,Biography,https://m.media-amazon.com/images/I/81NSb9Jy0HL._AC_UY218_.jpg,454,4.7,"22,876",STEVE JOBS (PB): THE EXCLUSIVE BIOGRAPHY
Eddie Jaku,Biography,https://m.media-amazon.com/images/I/81+Ezo7z02L._AC_UY218_.jpg,371,4.8,"24,112",The Happiest Man on Earth
Wonder House Books,Biography,https://m.media-amazon.com/images/I/6113pu-GekL._AC_UY218_.jpg,758,4.5,781,World's Greatest Library : A Collection of 200 Inspiring Personalities (Box Set of 8 Biographies)
Thomas Mathew,Biography,https://m.media-amazon.com/images/I/719oHU9kiFL._AC_UY218_.jpg,799,4.7,233,Ratan Tata : A Life
Wonder House Books,Biography,https://m.media-amazon.com/images/I/71MHjHxMPVL._AC_UY218_.jpg,103,4.3,"3,572",World's Greatest Leaders: Biographies of Inspirational Personalities For Kids
Phil Knight,Biography,https://m.media-amazon.com/images/I/717LHuYp7uL._AC_UY218_.jpg,296,4.6,"60,977",Shoe Dog: A Memoir by the Creator of NIKE
Walter Isaacson,Biography,https://m.media-amazon.com/images/I/71iWxmst49L._AC_UY218_.jpg,870,4.7,"21,002",Elon Musk by Walter Isaacson
A.K. Gandhi,Biography,https://m.media-amazon.com/images/I/71Iz9TUbqfL._AC_UY218_.jpg,208,4.2,668,Ratan Tata: A Complete Biography Tata Group | A Life of Visionary Industrialist and Philanthropist
Girish Kuber,Biography,https://m.media-amazon.com/images/I/71pa+l1S-xL._AC_UY218_.jpg,295,4.6,916,The Tatas: How a Family Built a Business and a Nation
Shantanu Naidu,Biography,https://m.media-amazon.com/images/I/81ILDpQVcxL._AC_UY218_.jpg,207,4.7,"2,777",I Came Upon a Lighthouse: A Short Memoir of Life with Ratan Tata
Nikola Tesla,Biography,https://m.media-amazon.com/images/I/71pGZBofMGL._AC_UY218_.jpg,125,4.4,"5,984","My Inventions, Autobiography of Nikola Tesla"
Mahesh Dutt Sharma,Biography,https://m.media-amazon.com/images/I/71Olgz0o3kL._AC_UY218_.jpg,236,4.0,197,Supercop NSA : Ajit Doval (Inspirational Biography of The Hero of Surgical Strike)
Amrita Shah,Biography,https://m.media-amazon.com/images/I/71FYWhbOwoL._AC_UY218_.jpg,252,4.6,332,Vikram Sarabhai (PB): A Life
Nathuram Godse,Biography,https://m.media-amazon.com/images/I/81LPuvfbxJL._AC_UY218_.jpg,196,4.1,"8,965",Why I Killed Gandhi?
Guillem Balague,Biography,https://m.media-amazon.com/images/I/811rL-Pi3zL._AC_UY218_.jpg,499,4.5,649,Cristiano Ronaldo
Kelly Barnhill,Fantasy,https://m.media-amazon.com/images/I/7138zaESFhL._AC_UY218_.jpg,246,4.5,"27,778",The Girl Who Drank the Moon
Rebecca Yarros,Fantasy,https://m.media-amazon.com/images/I/81cquiyLW8L._AC_UY218_.jpg,279,4.6,"418,817",Fourth Wing: DISCOVER THE INSTANT SUNDAY TIMES AND NUMBER ONE GLOBAL BESTSELLING PHENOMENON!* (The Empyrean)
Sarah A. Parker,Fantasy,https://m.media-amazon.com/images/I/813jxUaYdGL._AC_UY218_.jpg,364,4.4,"44,048",When the Moon Hatched: The international bestselling sensation: Book 1 (The Moonfall Series)
Saksham Garg,Fantasy,https://m.media-amazon.com/images/I/813P4lxRaLL._AC_UY218_.jpg,175,4.3,"2,091","Samsara: Enter The Valley Of The Gods: Enter the Valley of the Gods (""India's answer to Harry Potter"")"
Leigh Bardugo,Fantasy,https://m.media-amazon.com/images/I/91-DipaBR2L._AC_UY218_.jpg,374,4.7,"40,854",SIX OF CROWS (B PB)
Jennifer Lynn Barnes,Fantasy,https://m.media-amazon.com/images/I/810ihc6IdwL._AC_UY218_.jpg,318,4.5,"41,536",The Inheritance Games
Mary E. Pearson,Fantasy,https://m.media-amazon.com/images/I/81AIXow9BrL._AC_UY218_.jpg,379,4.5,"10,262",DANCE OF THIEVES
Adalyn Grace,Fantasy,https://m.media-amazon.com/images/I/81dqsMxmMhL._AC_UY218_.jpg,371,4.2,"11,218",Belladonna
Sarah J. Maas,Fantasy,https://m.media-amazon.com/images/I/81k3bgJ2EhL._AC_UY218_.jpg,279.,4.4,"284,572",A Court of Thorns and Roses: Enter the EPIC fantasy worlds of Sarah J Maas with the breath-taking first book in the GLOBALLY BESTSELLING ACOTAR series
Alexandra Christo,Fantasy,https://m.media-amazon.com/images/I/71lCmm1TCJL._AC_UY218_.jpg,269.,4.4,"11,512",To Kill a Kingdom: TikTok made me buy it! The dark and romantic YA fantasy for fans of Leigh Bardugo and Sarah J Maas
Diana Wynne Jones,Fantasy,https://m.media-amazon.com/images/I/81rG9c7nwYL._AC_UY218_.jpg,287,4.6,"20,487",Howl’s Moving Castle
Lauren Roberts,Fantasy,https://m.media-amazon.com/images/I/81TDiLmks2L._AC_UY218_.jpg,384,4.5,"49,651",Powerless
Kaylie Smith,Fantasy,https://m.media-amazon.com/images/I/91Vq7joiPfL._AC_UY218_.jpg,0,4.3,"46,944",Phantasma: A dark fantasy romance (Wicked Games Book 1)
Tricia Levenseller,Fantasy,https://m.media-amazon.com/images/I/812mILUaCML._AC_UY218_.jpg,295,4.4,"11,598",Daughter of the Pirate King
Gareth Brown,Fantasy,https://m.media-amazon.com/images/I/91ZjX0neGcL._AC_UY218_.jpg,631,4.3,"8,726",The Book of Doors
S. F. Williamson,Fantasy,https://m.media-amazon.com/images/I/91xFGvxKj+L._AC_UY218_.jpg,219.,4.2,492,A Language of Dragons: The instant #1 Sunday Times bestseller
Micah Caida,Science Fiction,https://m.media-amazon.com/images/I/81EIFBObjoL._AC_UY218_.jpg,0,4.2,"1,148","Time Trap: Red Moon science fiction, time travel trilogy book 1 (Red Moon Trilogy)"
Jules Verne,Science Fiction,https://m.media-amazon.com/images/I/712mbINbEML._AC_UY218_.jpg,130,4.4,"5,097",Journey To The Centre of The Earth
Albert Einstein,Science Fiction,https://m.media-amazon.com/images/I/81Y-PQhFjuL._AC_UY218_.jpg,128,4.5,161,"Relativity: The Special And The General Theory by Albert Einstein | Concepts of Physics, Relativity, General Relativity & Quantum Mechanics | Conceptual Physics, University Physics & Calculus Core"
Stephen Hawking,Science Fiction,https://m.media-amazon.com/images/I/71vfo4cJCjL._AC_UY218_.jpg,158,4.5,"15,605",The Theory Of Everything
Isaac Asimov,Science Fiction,https://m.media-amazon.com/images/I/81LT+V9G4IL._AC_UY218_.jpg,285,4.5,"33,197","Foundation: The greatest science fiction series of all time, now a major series from Apple TV+: Book 1 (The Foundation Trilogy)"
Ross Welford,Science Fiction,https://m.media-amazon.com/images/I/81uvCkcYSFL._AC_UY218_.jpg,221,4.4,"3,803",The Kid Who Came From Space
Saksham Garg,Science Fiction,https://m.media-amazon.com/images/I/813P4lxRaLL._AC_UY218_.jpg,175,4.3,"2,091","Samsara: Enter The Valley Of The Gods: Enter the Valley of the Gods (""India's answer to Harry Potter"")"
Adrian Tchaikovsky,Science Fiction,https://m.media-amazon.com/images/I/81WdWq49ZzL._AC_UY218_.jpg,280.,4.5,"45,766",Children of Time: Winner of the Arthur C. Clarke Award for Best Science Fiction Novel (The Children of Time Novels)
by,Science Fiction,https://m.media-amazon.com/images/I/71VN-FHW1IL._AC_UY218_.jpg,227,5.0,1,Journeys Into Alternate Realities: Four Science Fiction Short Stories
Morgan Rice,Science Fiction,https://m.media-amazon.com/images/I/71zC6GtlxvL._AC_UY218_.jpg,0,4.0,"3,818",Transmission (The Invasion Chronicles—Book One): A Science Fiction Thriller
Samantha Harvey,Science Fiction,https://m.media-amazon.com/images/I/81SfsmpfAJL._AC_UY218_.jpg,317,4.1,"13,970",Orbital: Winner of the Booker Prize 2024
George Orwell,Science Fiction,https://m.media-amazon.com/images/I/81fcLJo+FNL._AC_UY218_.jpg,128,4.5,"131,441",1984
by,Science Fiction,https://m.media-amazon.com/images/I/618Jw+2C6QL._AC_UY218_.jpg,186,5.0,9,The Time Machine By H G Wells [Premium Paperback] Fiction books | Classic Literature Books & Novels | Science fiction books for teenagers | Classic books | English Novels | Story books for kids 12-15
Stephen Hawking,Science Fiction,https://m.media-amazon.com/images/I/81DAK5xNjQL._AC_UY218_.jpg,96,4.5,"8,216",Black Holes (L) : The Reith Lectures
Madeleine L'Engle,Science Fiction,https://m.media-amazon.com/images/I/81NICDT7IkL._AC_UY218_.jpg,250,4.4,"27,046",A Wrinkle in Time
Philip K. Dick,Science Fiction,https://m.media-amazon.com/images/I/81Fzb4cfHmL._AC_UY218_.jpg,103.,,,"The Science Fiction Collection: Visionary Tales of Reality, Identity, and the Future"
The Housemaid Freida McFadden,Thriller,https://m.media-amazon.com/images/I/81+ceFx9BcL._AC_UY218_.jpg,342,4.3,"257,485",Never Lie: A Totally Gripping Thriller with Mind-bending Twists | TikTok Viral & Bestseller Pick
The Housemaid Freida McFadden,Thriller,https://m.media-amazon.com/images/I/81loPDFi-wL._AC_UY218_.jpg,338,4.4,"497,746","The Housemaid: An Absolutely Addictive Psychological Thriller with a Jaw-Dropping Twist (The Housemaid series, Book1) | TikTok Viral & Bestseller Pick"
Lisa Jewell,Thriller,https://m.media-amazon.com/images/I/91TQwXokvuL._AC_UY218_.jpg,355,4.2,"95,943","The Family Upstairs: The #1 bestseller and gripping Richard & Judy Book Club pick (The Family Upstairs, 1)"
Freida McFadden,Thriller,https://m.media-amazon.com/images/I/71sa1DXwbfL._AC_UY218_.jpg,309,4.3,"211,688",The Boyfriend: The Riveting New Psychological Thriller from BESTSELLING author of THE HOUSEMAID
Blake Pierce,Thriller,https://m.media-amazon.com/images/I/81htHjm1yoL._AC_UY218_.jpg,0,4.1,"4,965",Silent Girl (A Sheila Stone Suspense Thriller—Book One)
Nidhi Upadhyay,Thriller,https://m.media-amazon.com/images/I/81b1PP4RK1L._AC_UY218_.jpg,186,4.3,"3,347","That Night: Four Friends, Twenty Years, One Haunting Secret—A Twisted Thriller of Guilt, Betrayal, and Revenge"
Colleen Hoover,Thriller,https://m.media-amazon.com/images/I/91868k2+gUL._AC_UY218_.jpg,242,4.4,"347,208",VERITY
Freida Mcfadden,Thriller,https://m.media-amazon.com/images/I/81aqIyn4XrL._AC_UY218_.jpg,331,4.3,"131,556",The Locked Door: An addictive psychological thriller with mind-bending twists
Riley Sager,Thriller,https://m.media-amazon.com/images/I/81tRM7xkBKL._AC_UY218_.jpg,350,4.4,"42,472",The Only One Left
Holly Jackson,Thriller,https://m.media-amazon.com/images/I/81Vv505HKYL._AC_UY218_.jpg,308,4.4,"7,813",The Reappearance of Rachel Price : A sensational new young adult thriller for 2024 from the award-winning author of the bestselling A Good Girls Guide to Murder.
Katy Brent,Thriller,https://m.media-amazon.com/images/I/71bT1k34TvL._AC_UY218_.jpg,321,4.0,"7,016","How to Kill Men and Get Away With It: A deliciously dark, hilariously addictive debut psychological thriller, about friendship, love and murder for 2022!"
Lisa Jewell,Thriller,https://m.media-amazon.com/images/I/81WspQPWtaL._AC_UY218_.jpg,366,4.3,"100,560","None of This is True: Voted CRIME NOVEL OF THE YEAR 2024, the addictive #1 Sunday Times bestselling psychological thriller"
A. J. Finn,Thriller,https://m.media-amazon.com/images/I/7196sTeTolL._AC_UY218_.jpg,267,4.2,"131,935",The Woman in the Window: The Number One Sunday Times bestselling debut crime thriller now a major film on Netflix!
Alice Feeney,Thriller,https://m.media-amazon.com/images/I/71Iv7IvHj1L._AC_UY218_.jpg,317,4.3,"82,379",Rock Paper Scissors
Amy Tintera,Thriller,https://m.media-amazon.com/images/I/71kbwa1pGEL._AC_UY218_.jpg,360,4.3,"51,466",Listen for the Lie: The Richard & Judy Book Club pick and New York Times bestselling crime thriller
Colleen Hoover,Thriller,https://m.media-amazon.com/images/I/91gD7eecW7L._AC_UY218_.jpg,321,4.3,"110,445","Too Late: The darkest thriller of the year, from the global bestseller"
Marjan Kamali,Historical Fiction,https://m.media-amazon.com/images/I/81t6xQeZA8L._AC_UY218_.jpg,299,4.4,"16,391",The Stationery Shop Of Tehran
Chitra Banerjee Divakaruni,Historical Fiction,https://m.media-amazon.com/images/I/81o-qxKRClL._AC_UY218_.jpg,293,4.6,"3,279",Last Queen
Evie Woods,Historical Fiction,https://m.media-amazon.com/images/I/91Sy3S-198L._AC_UY218_.jpg,324,4.4,"144,357",The Lost Bookshop
Satyarth Nayak,Historical Fiction,https://m.media-amazon.com/images/I/A1NQCPdK9UL._AC_UY218_.jpg,374,4.6,"1,087",Mahagatha: 100 Tales from the Puranas
Siddharth N. Vijayaraghavan,Historical Fiction,https://m.media-amazon.com/images/I/91bWZiwDZPL._AC_UY218_.jpg,310,4.0,28,Empire of the Cholas
Markus Zusak,Historical Fiction,https://m.media-amazon.com/images/I/91JGwQlnu7L._AC_UY218_.jpg,313,4.6,"30,670","Book Thief, The (10th AE)"
Priyanka Pathak Narain,Historical Fiction,https://m.media-amazon.com/images/I/71OnKscGN5L._AC_UY218_.jpg,258,4.6,234,The Somnath Cipher
Hamish Morjaria,Historical Fiction,https://m.media-amazon.com/images/I/816Jk3XwEbL._AC_UY218_.jpg,231,4.3,107,"The Curse of Muziris: a historical thriller in the tradition of The Da Vinci Code, endorsed by Amish Tripathi"
Khushwant Singh,Historical Fiction,https://m.media-amazon.com/images/I/915ojTuXD+L._AC_UY218_.jpg,172,4.4,"6,503",Train To Pakistan (PB)
John Boyne,Historical Fiction,https://m.media-amazon.com/images/I/91Gy28f5M0L._AC_UY218_.jpg,257,4.6,"31,464","Boy in the Striped Pyjamas, The"
Amor Towles,Historical Fiction,https://m.media-amazon.com/images/I/81S7WKVyCXL._AC_UY218_.jpg,372,4.5,"137,354",A Gentleman in Moscow
Mandy Robotham,Historical Fiction,https://m.media-amazon.com/images/I/81UtnxJRvtL._AC_UY218_.jpg,282.,4.4,"8,754","Secret Messenger, The"
Chitra Banerjee Divakaruni,Historical Fiction,https://m.media-amazon.com/images/I/A1dtQ-soQEL._AC_UY218_.jpg,328,4.5,"11,365","The Palace of Illusions: 15th Anniversary Edition [Paperback] Banerjee Divakaruni, Chitra"
Manreet Sodhi Someshwar,Historical Fiction,https://m.media-amazon.com/images/I/810mkuJ1q-L._AC_UY218_.jpg,315,4.2,172,Lahore: Book 1 Of The Partition Trilogy
Siya Turabi,Historical Fiction,https://m.media-amazon.com/images/I/81-1PFpoq3L._AC_UY218_.jpg,240,3.9,231,"Last Beekeeper, The"
Laura Shepherd-Robinson,Historical Fiction,https://m.media-amazon.com/images/I/91O7DEqdWYL._AC_UY218_.jpg,387,4.3,"4,212",The Square of Sevens: The Times and Sunday Times Best Historical Fiction of 2023
Anita Krishan,Horror,https://m.media-amazon.com/images/I/91g4YHEkGkL._AC_UY218_.jpg,165,4.4,"3,407",Ghosts of The Silent Hills: Stories based on true hauntings
Samuel Small,Horror,https://m.media-amazon.com/images/I/81U6F6IaPzL._AC_UY218_.jpg,0,3.4,404,Plop: A Horror Short Story (Samuel Small Horror)
William Peter Blatty,Horror,https://m.media-amazon.com/images/I/81uPSRxNpZL._AC_UY218_.jpg,318,4.6,"11,767","Exorcist, The"
Ruskin Bond,Horror,https://m.media-amazon.com/images/I/91TBcPLZqJL._AC_UY218_.jpg,142,4.2,779,The Wind on the Haunted Hill
The Housemaid Freida McFadden,Horror,https://m.media-amazon.com/images/I/81+ceFx9BcL._AC_UY218_.jpg,342,4.3,"257,485",Never Lie: A Totally Gripping Thriller with Mind-bending Twists | TikTok Viral & Bestseller Pick
Madeleine Roux,Horror,https://m.media-amazon.com/images/I/61F62JbeWyL._AC_UY218_.jpg,279,4.3,"3,425",Asylum
by,Horror,https://m.media-amazon.com/images/I/71iJ+R+RnvS._AC_UY218_.jpg,226,4.1,405,50 World’s Greatest Horror Stories: Collectable Edition
Himanshu Rai,Horror,https://m.media-amazon.com/images/I/616XETJ9JvL._AC_UY218_.jpg,249,4.5,289,The Game of Death
Oscar Wilde,Horror,https://m.media-amazon.com/images/I/713-hV5Oz8L._AC_UY218_.jpg,112,4.3,"2,019",The Canterville Ghost
Nidhi Upadhyay,Horror,https://m.media-amazon.com/images/I/81b1PP4RK1L._AC_UY218_.jpg,186,4.3,"3,347","That Night: Four Friends, Twenty Years, One Haunting Secret—A Twisted Thriller of Guilt, Betrayal, and Revenge"
Jason Rekulak,Horror,https://m.media-amazon.com/images/I/814Mj9fw+VL._AC_UY218_.jpg,431,4.4,"83,844",Hidden Pictures
Colleen Hoover,Horror,https://m.media-amazon.com/images/I/91868k2+gUL._AC_UY218_.jpg,242,4.4,"347,208",VERITY
Nikesh Murali,Horror,https://m.media-amazon.com/images/I/91+CQNeCtwL._AC_UY218_.jpg,176,3.9,87,Tales of Horror by Nikesh Murali “Creator of Indian Noir” | 4 Bone-Chilling Scary Stories with Unrelenting Terror |Perfect for Horror Enthusiasts | Deeper Themes Like Trauma/Fear/Mortality
Anirban Bhattacharyya,Horror,https://m.media-amazon.com/images/I/81z-7O4GTGL._AC_UY218_.jpg,176,4.4,57,Enter At Your Own Risk
Jatin Bhasin,Horror,https://m.media-amazon.com/images/I/81ggXazp+-L._AC_UY218_.jpg,275.,4.1,160,The Haunting of Delhi City : Tales of the Supernatural
by,Horror,https://m.media-amazon.com/images/I/61O5aroLUpL._AC_UY218_.jpg,455,4.4,28,Greatest Horror Stories from Around the World (Deluxe Hardbound Edition)
Donald E. Knuth,Programming,https://m.media-amazon.com/images/I/719SYGJejmL._AC_UY218_.jpg,"22,888",4.7,174,"Art of Computer Programming, The, Volumes 1-4b, Boxed Set"
Hans Petter Langtangen,Programming,https://m.media-amazon.com/images/I/41hjzb5I-nL._AC_UY218_.jpg,0,4.3,"1,681",Programming for Computations - Python: A Gentle Introduction to Numerical Simulations with Python (Texts in Computational Science and Engineering Book 15)
by,Programming,https://m.media-amazon.com/images/I/81gpbxzPhLL._AC_UY218_.jpg,749,4.4,436,"Core Python Programming : Covers fundamentals to advanced topics like OOPS, Exceptions, Data structures, Files, Threads, Net, 3ed"
by,Programming,https://m.media-amazon.com/images/I/61ViPUXS8ZL._AC_UY218_.jpg,213,3.9,19,Python Programming : Beginners Guide
by,Programming,https://m.media-amazon.com/images/I/81drimuUhOS._AC_UY218_.jpg,345,3.8,246,"Zero To Mastery In Python Programming, Best Python Book For Beginners, This Python Book Covers A-Z About Programming In Python, Also Comes With Python Tricks You Should Definietly Know, Latest Edition"
Vikash Kumar Gupta,Programming,https://m.media-amazon.com/images/I/71jswpw0PLL._AC_UY218_.jpg,99,5.0,7,A Textbook of Basics of C Programming by Vikash Kumar Gupta
Eric Matthes,Programming,https://m.media-amazon.com/images/I/81ZBWeKoZVL._AC_UY218_.jpg,"3,153",4.5,"1,704","Python Crash Course, 3rd Edition: A Hands-On, Project-Based Introduction to Programming"
Julio Sanchez,Programming,https://m.media-amazon.com/images/I/41akREKmp-L._AC_UY218_.jpg,"12,703",,,Java Programming for Engineers
E Balagurusamy,Programming,https://m.media-amazon.com/images/I/71SEZqzWmGL._AC_UY218_.jpg,651,4.4,962,"OBJECT ORIENTED PROGRAMMING WITH C++, 8TH EDITION"
Titus Winters,Programming,https://m.media-amazon.com/images/I/81bSa9px6qL._AC_UY218_.jpg,"2,185",4.6,762,Software Engineering at Google: Lessons Learned from Programming Over Time
by,Programming,https://m.media-amazon.com/images/I/71l3R0Y7O8L._AC_UY218_.jpg,686,4.3,172,"The Go Programming Language, 1/e"
Brian W. Kernighan / Dennis Ritchie,Programming,https://m.media-amazon.com/images/I/71LM3pMsvWL._AC_UY218_.jpg,375,4.4,"4,028","C PROGRAMMING LANGUAGE, 2ND EDN"
by,Programming,https://m.media-amazon.com/images/I/31hT4ul9DeL._AC_UY218_.jpg,"12,020",4.2,13,Introduction to Recursive Programming
Martin C. Brown,Programming,https://m.media-amazon.com/images/I/51y1U5JPfyL._AC_UY218_.jpg,627,4.2,679,Python: The Complete Reference
Carol Nichols,Programming,https://m.media-amazon.com/images/I/71SlLVGcg-L._AC_UY218_.jpg,"2,355.",4.8,419,The Rust Programming Language: 2nd Edition
Bjarne Stroustrup,Programming,https://m.media-amazon.com/images/I/5197qo6Q1GL._AC_UY218_.jpg,900,4.4,279,"C++ Programming Language, 4e"
The Housemaid Freida McFadden,Mystery,https://m.media-amazon.com/images/I/81loPDFi-wL._AC_UY218_.jpg,338,4.4,"497,746","The Housemaid: An Absolutely Addictive Psychological Thriller with a Jaw-Dropping Twist (The Housemaid series, Book1) | TikTok Viral & Bestseller Pick"
Nidhi Upadhyay,Mystery,https://m.media-amazon.com/images/I/81b1PP4RK1L._AC_UY218_.jpg,186,4.3,"3,347","That Night: Four Friends, Twenty Years, One Haunting Secret—A Twisted Thriller of Guilt, Betrayal, and Revenge"
Lena Jones,Mystery,https://m.media-amazon.com/images/I/81Hl5oMzFlL._AC_UY218_.jpg,261,4.5,"1,876",The Secret Key: Agatha Oddly (1)
The Housemaid Freida McFadden,Mystery,https://m.media-amazon.com/images/I/81+ceFx9BcL._AC_UY218_.jpg,342,4.3,"257,485",Never Lie: A Totally Gripping Thriller with Mind-bending Twists | TikTok Viral & Bestseller Pick
Holly Jackson,Mystery,https://m.media-amazon.com/images/I/81Vv505HKYL._AC_UY218_.jpg,308,4.4,"7,813",The Reappearance of Rachel Price : A sensational new young adult thriller for 2024 from the award-winning author of the bestselling A Good Girls Guide to Murder.
Lisa Jewell,Mystery,https://m.media-amazon.com/images/I/91TQwXokvuL._AC_UY218_.jpg,355,4.2,"95,943","The Family Upstairs: The #1 bestseller and gripping Richard & Judy Book Club pick (The Family Upstairs, 1)"
Divyaroop Bhatnagar,Mystery,https://m.media-amazon.com/images/I/91tVxoFevzL._AC_UY218_.jpg,197,4.3,277,The Mussoorie Murders
Karen McManus,Mystery,https://m.media-amazon.com/images/I/71oz7kV9NuL._AC_UY218_.jpg,286,4.4,"45,132",One Of Us Is Lying
Lena Jones,Mystery,https://m.media-amazon.com/images/I/81oYBoHT1eL._AC_UY218_.jpg,239,4.6,"1,116",Murder at the Museum : Agatha Oddly Book 2
G. T. Karber,Mystery,https://m.media-amazon.com/images/I/71ImfTaemnL._AC_UY218_.jpg,321,4.6,"4,528",MURDLE: SOLVE 100 DEVILISHLY DEVIOUS MURDER MYSTERY LOGIC PUZZLES
Devashish Sardana,Mystery,https://m.media-amazon.com/images/I/51ulQuaRoqL._AC_UY218_.jpg,181,4.4,"1,227",The Girl in the Glass Case: Keep Your Girls Safe. Boys Safer | Book 1 in the Simone Singh series | A Chilling Mystery Thriller of Deadly Rivalries and Twisted Minds
Freida Mcfadden,Mystery,https://m.media-amazon.com/images/I/81aqIyn4XrL._AC_UY218_.jpg,331,4.3,"131,556",The Locked Door: An addictive psychological thriller with mind-bending twists
Ravi Subramanian,Mystery,https://m.media-amazon.com/images/I/71rhWTz2YYL._AC_UY218_.jpg,184,4.5,100,Mystery Of The Missing Cat (Sms Detective Agency Book 2)
Holly Jackson,Mystery,https://m.media-amazon.com/images/I/81E3hDPr3eL._AC_UY218_.jpg,286,4.6,"67,558",A Good Girl'S Guide To Murder
Ruskin Bond,Mystery,https://m.media-amazon.com/images/I/71DW5Hrc41L._AC_UY218_.jpg,183,4.0,"1,855",The Perfect Murder
by,Mystery,https://m.media-amazon.com/images/I/71YjqWYLt4L._AC_UY218_.jpg,569,4.4,"1,512",World's Greatest Short Stories (Deluxe Hardbound Edition)
Shrijeet Shandilya,Young Adult,https://m.media-amazon.com/images/I/71zpck45b2L._AC_UY218_.jpg,200,4.3,229,"Can We Be Strangers Again?: A moving tale of love, loyalty and the bittersweet beauty of letting go"
Holly Jackson,Young Adult,https://m.media-amazon.com/images/I/81E3hDPr3eL._AC_UY218_.jpg,286,4.6,"67,558",A Good Girl'S Guide To Murder
Anne Frank,Young Adult,https://m.media-amazon.com/images/I/81lZ-9E4F-S._AC_UY218_.jpg,129,4.5,"50,929",The Diary of A Young Girl
Morgan Housel,Young Adult,https://m.media-amazon.com/images/I/71XEsXS5RlL._AC_UY218_.jpg,259,4.6,"73,500",The Psychology of Money
by,Young Adult,https://m.media-amazon.com/images/I/81HP7-DUQKL._AC_UY218_.jpg,176,4.6,"7,393",Wise and Otherwise: 51 Inspiring Life Lessons and Heartfelt Stories by Sudha Murty
Ruskin Bond,Young Adult,https://m.media-amazon.com/images/I/71YjdCMBmQL._AC_UY218_.jpg,99,4.5,"16,459","Rupa Publications India The Blue Umbrella, 90 Pages"
Holly Jackson,Young Adult,https://m.media-amazon.com/images/I/81Vv505HKYL._AC_UY218_.jpg,308,4.4,"7,813",The Reappearance of Rachel Price : A sensational new young adult thriller for 2024 from the award-winning author of the bestselling A Good Girls Guide to Murder.
Kelly Barnhill,Young Adult,https://m.media-amazon.com/images/I/7138zaESFhL._AC_UY218_.jpg,246,4.5,"27,778",The Girl Who Drank the Moon
by,Young Adult,https://m.media-amazon.com/images/I/61lAgJKkJwL._AC_UY218_.jpg,188,,,"BUNGLE ICEBREAKER – A Heartfelt Young Adult Romance Novel, High School Love Story, Teen Romance Book, Coming-of-Age Fiction for Teens, Emotional Love Story Book for Girls"
Joseph Nguyen,Young Adult,https://m.media-amazon.com/images/I/715qi-cIbML._AC_UY218_.jpg,163,4.5,"11,964",Don't Believe Everything You Think (English)
Stuti Changle,Young Adult,https://m.media-amazon.com/images/I/71dNsRuYL7L._AC_UY218_.jpg,163,4.3,"3,258",You Only Live Once: A Journey of Self-Discovery and Empowerment | Inspiring Fiction by Stuti Changle | Personal Growth and Motivational Stories
Karen McManus,Young Adult,https://m.media-amazon.com/images/I/71oz7kV9NuL._AC_UY218_.jpg,286,4.4,"45,132",One Of Us Is Lying
Anita Krishan,Young Adult,https://m.media-amazon.com/images/I/91g4YHEkGkL._AC_UY218_.jpg,165,4.4,"3,407",Ghosts of The Silent Hills: Stories based on true hauntings
E. Lockhart,Young Adult,https://m.media-amazon.com/images/I/61aHWVH-QML._AC_UY218_.jpg,279,4.3,"72,926",We Were Liars: The award-winning YA book TikTok can’t stop talking about!
Matt Haig,Young Adult,https://m.media-amazon.com/images/I/81J6APjwxlL._AC_UY218_.jpg,345,4.4,"247,802",The Midnight Library: The Multi-million Copy Bestseller
Leigh Bardugo,Young Adult,https://m.media-amazon.com/images/I/91-DipaBR2L._AC_UY218_.jpg,374,4.7,"40,854",SIX OF CROWS (B PB)
Wonder House Books,Children's Books,https://m.media-amazon.com/images/I/81p1nkYo4NL._AC_UY218_.jpg,344,4.5,"83,981",My First Library: Boxset of 10 Board Books for Kids
Maple Press,Children's Books,https://m.media-amazon.com/images/I/913Xkzwq8JL._AC_UY218_.jpg,214,4.4,738,"Story Books for Kids - World Classic (Set of 10 Books) - Moral Stories -Bedtime Children Story Book -Read Aloud to Infants, Toddlers -Alice in Wonderland,Heidi, Jungle Book, Robinson Crusoe"
Wonder House Books,Children's Books,https://m.media-amazon.com/images/I/81r2q3SMrBL._AC_UY218_.jpg,189,4.7,"1,466",Shlokas and Mantras For Kids Illustrated Padded Board Book Learn About India's Rich Culture and Tradition In Three Languages
Antoine de Saint-Exupéry,Children's Books,https://m.media-amazon.com/images/I/71OeSw46tCL._AC_UY218_.jpg,499,4.4,"7,969",Best of Children's Classics : Perfect Gift Set for Kids (Set of 5 Books)
Wonder House Books,Children's Books,https://m.media-amazon.com/images/I/81WCSu2RoJS._AC_UY218_.jpg,179,4.5,"6,587",Animals Tales From Panchtantra: Timeless Stories for Children From Ancient India
by,Children's Books,https://m.media-amazon.com/images/I/81ExT8sUebL._AC_UY218_.jpg,179,4.6,"20,295","Grandma's Bag of Stories: Collection of 20+ Illustrated short stories, traditional Indian folk tales by Sudha Murty"
Ruskin Bond,Children's Books,https://m.media-amazon.com/images/I/81m0ag2JbdS._AC_UY218_.jpg,381,4.4,"1,334",Ruskin Bond Short Stories - Set of 4 Bestselling Children Story Books
Maple Press,Children's Books,https://m.media-amazon.com/images/I/71xWWxjzF7L._AC_UY218_.jpg,165,4.4,"9,750","My First Mythology Tale (Illustrated) (Set of 5 Books) - Mahabharata, Krishna, Hanuman, Ganesha, Ramayana - Story Book for Kids"
Maple Press,Children's Books,https://m.media-amazon.com/images/I/710GgrTea1L._AC_UY218_.jpg,214,4.5,"3,715","Moral Story Books for Kids (Illustrated) - English Short Stories with Colourful Pictures - Bedtime Children Story Book - 3 Years to 6 Years Old Children - Read Aloud to Infants, Toddlers (Set of 10 Books)"
Rachel Bright,Children's Books,https://m.media-amazon.com/images/I/81kreOltuyL._AC_UY218_.jpg,278,4.7,"8,526",THE LION INSIDE
Ruskin Bond,Children's Books,https://m.media-amazon.com/images/I/71Wcm0WWBnS._AC_UY218_.jpg,187,4.5,"2,934",All-Time Favourites for Children by Ruskin Bond | Illustrated Collection of Timeless Indian Stories | Classic Reads for Young Readers | Ages 7+
Maple Press,Children's Books,https://m.media-amazon.com/images/I/713hLtePeZL._AC_UY218_.jpg,210,4.5,800,"Story Books for Kids (Set of 10 Books) (Illustrated) - World and Indian Scientists - Biographies for Children - 6 Years to 10 Years Old - Einstein, Newton, Galileo Galilei, Marie Curie, Charles Darwin, CV Raman, Homi Bhabha, Ramanujan, Vikram Sarabhai, Abdul Kalam"
Gareth Moore,Children's Books,https://m.media-amazon.com/images/I/81lmGXLmjuL._AC_UY218_.jpg,138,4.4,"11,887",BRAIN GAMES FOR CLEVER KIDS
Wonder House Books,Children's Books,https://m.media-amazon.com/images/I/71Ytm8A3piL._AC_UY218_.jpg,99,4.4,"30,480",My First Book of Patterns Pencil Control: Patterns Practice book for kids (Pattern Writing) |Best Selling Tracing Book for Kids in India | Early Learning | Tracing Lines & Pattern Writing Activities | Premium Quality Return Gift | Ages 2 - 5 Years | 1.5 hours of fun time
Wonder House Books,Children's Books,https://m.media-amazon.com/images/I/71My1M0AgZL._AC_UY218_.jpg,369,4.5,"2,681",101 Tales The Great Panchatantra Collection - Collection of Witty Moral Stories For Kids For Personality Development (Hardback)
Dipavali Sen,Children's Books,https://m.media-amazon.com/images/I/812aad7IwQL._AC_UY218_.jpg,433,4.6,"1,576",365 Stories from the Vedas: The Upanishads and the Puranas - Indian Mythology Storybook for Kids | Ancient Indian Wisdom | Spiritual Tales | Life Lessons | Colourful Illustrated for Children
Alan Moore,Comics & Graphic Novels,https://m.media-amazon.com/images/I/71hIHnZbkTL._AC_UY218_.jpg,725,4.8,209,Watchmen: DC Compact Comics Edition
Nikhil Gulati,Comics & Graphic Novels,https://m.media-amazon.com/images/I/81qbeRHU0PL._AC_UY218_.jpg,313,4.4,342,The People of the Indus: A Graphic Narrative on the Rise and Fall of the Harappan Civilization
Enid Blyton,Comics & Graphic Novels,https://m.media-amazon.com/images/I/71-M7ydTMdL._AC_UY218_.jpg,359,4.2,61,FAMOUS FIVE GRAPHIC NOVEL: FIVE ON A TREASURE ISLAND
Art Spiegelman,Comics & Graphic Novels,https://m.media-amazon.com/images/I/71nXxfnNEcL._AC_UY218_.jpg,710.,4.8,"9,772",Complete Maus (Graphic Novel)
Rick Riordan,Comics & Graphic Novels,https://m.media-amazon.com/images/I/81v6q66WbmL._AC_UY218_.jpg,574,4.5,"4,666",Percy Jackson: The Graphic Novel (Percy Jackson and the Olympians)
Rick Riordan,Comics & Graphic Novels,https://m.media-amazon.com/images/I/91buqu1rT1L._AC_UY218_.jpg,616.,4.5,364,Percy Jackson and the Titan's Curse: The Graphic Novel (Book 3)
Dav Pilkey,Comics & Graphic Novels,https://m.media-amazon.com/images/I/914FNnRk19L._AC_UY218_.jpg,399,4.8,"20,413",Cat Kid Comic Club: A Graphic Novel (Cat Kid Comic Club #1): From the Creator of Dog Man
by,Comics & Graphic Novels,https://m.media-amazon.com/images/I/81VrDhuwlgL._AC_UY218_.jpg,777,4.7,176,"Sapiens A Graphic History, Volume 3: The Masters of History"
Stan Lee,Comics & Graphic Novels,https://m.media-amazon.com/images/I/91clirgAUJL._AC_UY218_.jpg,"2,368.",4.0,2,Marvel: August 1961
Alan Gratz,Comics & Graphic Novels,https://m.media-amazon.com/images/I/81+ZyyzpWIL._AC_UY218_.jpg,374,4.5,232,CAPTAIN AMERICA: THE GHOST ARMY (ORIGINAL GRAPHIC NOVEL)
Ruskin Bond,Comics & Graphic Novels,https://m.media-amazon.com/images/I/8110OQf25yL._AC_UY218_.jpg,215,4.3,18,Stories From My Heart: A Comic Book
J.R.R. Tolkien,Comics & Graphic Novels,https://m.media-amazon.com/images/I/810+yJB3q5L._AC_UY218_.jpg,597,4.7,574,Hobbit - Graphic Novel
Mary Pope Osborne,Comics & Graphic Novels,https://m.media-amazon.com/images/I/91bJaX4xXRL._AC_UY218_.jpg,410,4.8,269,Night of the Ninjas Graphic Novel
Tui T. Sutherland,Comics & Graphic Novels,https://m.media-amazon.com/images/I/81crmqjapYL._AC_UY218_.jpg,410,4.8,"1,594",Wings Of Fire Graphic Novel #08: Escaping Peril (Graphix)
Jennifer Dugan,Comics & Graphic Novels,https://m.media-amazon.com/images/I/915Krvc9qxL._AC_UY218_.jpg,368.,4.4,36,Full Shift: A Graphic Novel
Geronimo Stilton,Comics & Graphic Novels,https://m.media-amazon.com/images/I/81gcGhhW-1L._AC_UY218_.jpg,418,4.7,309,GERONIMO STILTON GRAPHIC NOVEL #1: THE SEWER RAT STINK
Gulzar,Poetry,https://m.media-amazon.com/images/I/81V8GnD8GmL._AC_UY218_.jpg,176,4.4,"1,301",Selected Poems (PB): Gulzar
"Azima Melita Kolin Rumi, Maryam Mafi",Poetry,https://m.media-amazon.com/images/I/91MQXjr0mcL._AC_UY218_.jpg,239,4.5,"2,455","Rumi's Little Book of Life: The Garden of the Soul, the Heart, and the Spirit"
Swati Sani,Poetry,https://m.media-amazon.com/images/I/71S4NqOSvVL._AC_UY218_.jpg,635,4.3,48,"Ghalib, Meer & Sahir Poetry Books (Combo Set) Swati Sani"
by,Poetry,https://m.media-amazon.com/images/I/61xjURomnxL._AC_UY218_.jpg,214,4.4,474,Greatest Poetry Ever Written
Writer's Pocket,Poetry,https://m.media-amazon.com/images/I/71vzscWlJWL._AC_UY218_.jpg,166,,,Poetry book Whispers Of The Past
Hitesh Gupta Aadil,Poetry,https://m.media-amazon.com/images/I/813WFGVJUPL._AC_UY218_.jpg,320,4.6,184,HUMSAFAR : The World of Urdu Poetry by Hitesh Gupta Aadil
Rithvik Singh,Poetry,https://m.media-amazon.com/images/I/61rnjgTxjUL._AC_UY218_.jpg,196,4.2,"1,366",I Don't Love You Anymore: Moving On and Living Your Best Life | National Bestseller by Rithvik Singh | Original Edition
Piyush Mishra,Poetry,https://m.media-amazon.com/images/I/71c+FGTn0oL._AC_UY218_.jpg,147,4.4,"1,720",Kuchh Ishq Kiya Kuchh Kaam Kiya
NOOR UNNAHAR,Poetry,https://m.media-amazon.com/images/I/5196wRC7saL._AC_UY218_.jpg,225,4.5,"1,792","Yesterday i was the moon: A Poetry Collection on Self-Discovery, Love, Heartbreak & Healing | Viral Insta-Poetry by Noor Unnahar"
Emily Dickinson,Poetry,https://m.media-amazon.com/images/I/51Cv6WTmFkL._AC_UY218_.jpg,236,4.6,"1,139","100 Selected Poems, Emily Dickinson: Collectable Hardbound edition"
Swati Sani,Poetry,https://m.media-amazon.com/images/I/91II5RIBGKL._AC_UY218_.jpg,251,4.2,73,The Eloquence of Ghalib | A Journey Through His Poetry | The Poet's Legacy. Swati Sani
Whitney Hanson,Poetry,https://m.media-amazon.com/images/I/71VaJK2UcjL._AC_UY218_.jpg,537,4.8,"4,138",Home: Poems To Heal Your Heartbreak
Ashish Bagrecha,Poetry,https://m.media-amazon.com/images/I/812fCsWzzjL._AC_UY218_.jpg,184,4.6,"2,694","Love, Hope And Magic"
Jaun Elia,Poetry,https://m.media-amazon.com/images/I/81uND7JqfTL._AC_UY218_.jpg,165,4.5,"1,507",Jaun Elia: Ek Ajab Ghazab Shayar
Rahat Indori,Poetry,https://m.media-amazon.com/images/I/81iS-USTOnL._AC_UY218_.jpg,220,4.5,993,Do Kadam Aur Sahi (Hindi)
Translated by Rabindranath Tagore,Poetry,https://m.media-amazon.com/images/I/71Bqb2mKNoL._AC_UY218_.jpg,118,4.4,628,One Hundred Poems of Kabir
Shri Hit Premanand Govind Sharan Ji Maharaj,Spirituality,https://m.media-amazon.com/images/I/71+SDDkSd6L._AC_UY218_.jpg,189,4.9,221,SPIRITUAL AWAKENING SHRI HIT PREMANAND GOVIND SHARAN JI MAHARAJ VOLUME 1 (PB 2024)
Satyarth Nayak,Spirituality,https://m.media-amazon.com/images/I/A1NQCPdK9UL._AC_UY218_.jpg,374,4.6,"1,087",Mahagatha: 100 Tales from the Puranas
Sadhguru,Spirituality,https://m.media-amazon.com/images/I/91xafByFlLL._AC_UY218_.jpg,180,4.7,"16,332",Karma: A Yogi's Guide to Crafting Your Destiny | Best in Self-Help and Spiritual Growth
Joseph Nguyen,Spirituality,https://m.media-amazon.com/images/I/715qi-cIbML._AC_UY218_.jpg,163,4.5,"11,964",Don't Believe Everything You Think (English)
Deepak Chopra,Spirituality,https://m.media-amazon.com/images/I/8143BxYSuFL._AC_UY218_.jpg,233,4.5,167,The Seven Spiritual Laws Of Success (English)
Ranjit Chaudhri,Spirituality,https://m.media-amazon.com/images/I/71RekQ752NL._AC_UY218_.jpg,152,4.6,"2,376",The Shiva Sutras
Om Swami,Spirituality,https://m.media-amazon.com/images/I/81cvMup8fFL._AC_UY218_.jpg,318,4.9,529,Thirteen Months In The Himalayas : Chronicles of a Monk's Sadhana
Daaji Kamlesh D. Patel,Spirituality,https://m.media-amazon.com/images/I/71j9nkXfgHL._AC_UY218_.jpg,321,4.8,506,"Spiritual Anatomy: Meditation, Chakras, and the Journey to the Center"
The Dalai Lama,Spirituality,https://m.media-amazon.com/images/I/717HdXTLX-L._AC_UY218_.jpg,315,4.6,"10,330",THE ART OF HAPPINESS
Meetu Bisht,Spirituality,https://m.media-amazon.com/images/I/81dksTcLONL._AC_UY218_.jpg,257,4.8,390,"Why We Are Who We Are: An Insightful Glimpse into Our Human Roles, Soul Personality, and Karmic Mandates"
Brianna Wiest,Spirituality,https://m.media-amazon.com/images/I/61xivWmExiL._AC_UY218_.jpg,259,4.4,"23,042",The Mountain Is You: Transforming Self-Sabotage Into Self-Mastery (English)
Kyle Gray,Spirituality,https://m.media-amazon.com/images/I/81zFriaJORL._AC_UY218_.jpg,254,4.7,830,Raise Your Vibration (New Edition): High-Vibe Tools to Support Your Spiritual Awakening
Dr Bhaswati Bhattacharya,Spirituality,https://m.media-amazon.com/images/I/814DJT4lL9S._AC_UY218_.jpg,206,4.3,"2,096","Everyday Ayurveda-Bpb: Daily Habits That Can Change Your Life. A book on Mental & Spiritual Healing. A guide to maximize health, longevity, & happiness naturally (Non-fiction, Penguin Books)"
Gaur Gopal Das,Spirituality,https://m.media-amazon.com/images/I/81yxRLBMmkL._AC_UY218_.jpg,195,4.6,"24,477",Life's Amazing Secret: How to Find Balance and Purpose in Your Life
Sadhguru,Spirituality,https://m.media-amazon.com/images/I/719unvl0O0L._AC_UY218_.jpg,150,4.8,234,Enlightenment: A New Beginning
J. Krishnamurti,Spirituality,https://m.media-amazon.com/images/I/51MB4Tc-cFL._AC_UY218_.jpg,282,4.6,"1,525","Book of Life, The"
Shamil Thakrar,Cookbooks,https://m.media-amazon.com/images/I/81wLQFlEYjL._AC_UY218_.jpg,"1,099",4.7,"8,472",Dishoom
Vijayan Kannampilly,Cookbooks,https://m.media-amazon.com/images/I/81yPkTln2RL._AC_UY218_.jpg,241,4.3,301,The Essential Kerala Cookbook
Chand Sur,Cookbooks,https://m.media-amazon.com/images/I/81hpKyqWaIL._AC_UY218_.jpg,344,4.4,268,The Lucknow Cookbook
Joshua Weissman,Cookbooks,https://m.media-amazon.com/images/I/91bf6oXFPXL._AC_UY218_.jpg,974.,4.8,"17,904",Joshua Weissman: An Unapologetic Cookbook. #1 NEW YORK TIMES BESTSELLER
M. Dasgupta,Cookbooks,https://m.media-amazon.com/images/I/619jGnGC6SL._AC_UY218_.jpg,296,4.4,173,Calcutta Cookbook
by,Cookbooks,https://m.media-amazon.com/images/I/91T-HXwWwzL._AC_UY218_.jpg,646,4.8,"2,308",Let'S Make Ramen!
Nick DiGiovanni,Cookbooks,https://m.media-amazon.com/images/I/81QmOCsmelL._AC_UY218_.jpg,999.,4.7,"2,336",Knife Drop: Creative Recipes Anyone Can Cook
by,Cookbooks,https://m.media-amazon.com/images/I/81xnUIGVdsL._AC_UY218_.jpg,289,4.5,105,Essential Andhra Cookbook
Robin Ha,Cookbooks,https://m.media-amazon.com/images/I/91KmKZaSNkL._AC_UY218_.jpg,858,4.8,"1,407",Cook Korean!: A Comic Book with Recipes [A Cookbook]
B Ramakrishnan,Cookbooks,https://m.media-amazon.com/images/I/71XC2qksAuL._AC_UY218_.jpg,279,4.4,338,The Complete OPOS Cookbook: One-Pot Meal Plans Ready in 10 Minutes
Arun Kumar T.R.,Cookbooks,https://m.media-amazon.com/images/I/81spLkckH8L._AC_UY218_.jpg,516,5.0,9,Feast on a Leaf: The Onam Sadhya Cookbook
Kaumudi Marathe,Cookbooks,https://m.media-amazon.com/images/I/61ebrCfAAgL._AC_UY218_.jpg,307,4.4,99,"Essential Marathi Cookbook, The"
Yotam Ottolenghi,Cookbooks,https://m.media-amazon.com/images/I/71m3gXf1p8L._AC_UY218_.jpg,"1,459",4.7,"2,075",Ottolenghi: The Cookbook
Pushpesh Pant,Cookbooks,https://m.media-amazon.com/images/I/812QfKQ3hBL._AC_UY218_.jpg,"2,991",4.6,667,India: The Cookbook
Krish Ashok,Cookbooks,https://m.media-amazon.com/images/I/81BGNqBFZmL._AC_UY218_.jpg,258,4.5,"2,964",Masala Lab: The Science of Indian Cookin
Joshua Weissman,Cookbooks,https://m.media-amazon.com/images/I/81qYna6kVTL._AC_UY218_.jpg,959.,4.8,"1,922",Joshua Weissman: Texture Over Taste
National Geographic,Travel,https://m.media-amazon.com/images/I/91vMxtTtWaL._AC_UY218_.jpg,"2,036",4.7,"5,405",Destinations of a Lifetime: 225 of the World's Most Amazing Places
Indrajeet More,Travel,https://m.media-amazon.com/images/I/71YiL2L9T7L._AC_UY218_.jpg,258,4.9,30,Solo: My Year of Backpacking and Unpacking
Lonely Planet,Travel,https://m.media-amazon.com/images/I/81Hpea62EnL._AC_UY218_.jpg,"2,699",4.8,931,The Travel Book: A Journey Through Every Country in the World (Lonely Planet)
by,Travel,https://m.media-amazon.com/images/I/81DSMC4sLSL._AC_UY218_.jpg,"1,200",4.2,224,India The Journey - A Travel Book on India
Shivya Nath,Travel,https://m.media-amazon.com/images/I/91xYM0jlvwL._AC_UY218_.jpg,296,4.5,"1,049","Shooting Star, The: A Girl, Her Backpack"
DK Travel,Travel,https://m.media-amazon.com/images/I/81wx4J--qbL._AC_UY218_.jpg,908,4.6,46,DK Eyewitness India
Lonely Planet Publications,Travel,https://m.media-amazon.com/images/I/910lfncpiPL._AC_UY218_.jpg,"1,235",4.4,63,Lonely Planet Best in Travel 2025
Chris Broad,Travel,https://m.media-amazon.com/images/I/81OsBVXBYnL._AC_UY218_.jpg,385,4.5,"5,565",Abroad in Japan
51,Travel,https://m.media-amazon.com/images/I/819ozGtcdlL._AC_UY218_.jpg,299,4.9,51,An Indian Traveler: From Teenage Salesman to Nomadic Globetrotter
Satoshi Yagisawa,Travel,https://m.media-amazon.com/images/I/71xxddxprOL._AC_UY218_.jpg,272.,4.4,"8,575",Days at the Morisaki Bookshop: The perfect book to curl up with - for lovers of Japanese translated fiction everywhere
220,Travel,https://m.media-amazon.com/images/I/61uXFS734dL._AC_UY218_.jpg,332,4.2,220,Sehaz Artworks Scrap Book For Memories | Album For Photos Collection | Scrapbook Photo Albums | Slam Book For Memories |Baby Photo Album | Travel Bug | Valentine Gift
Alain de Botton,Travel,https://m.media-amazon.com/images/I/81EyqkiKPXL._AC_UY218_.jpg,575,4.3,"1,319",The Art of Travel
61,Travel,https://m.media-amazon.com/images/I/81yR5jMKbQL._AC_UY218_.jpg,399,4.2,61,"DOODLE Travel Diary Journal with PU Leather Cover | Travel Book for Memories | Includes Zipper Pouch, Card Holder, 2 Ruled & 1 Blank Notebook | Perfect Travel Gifts | A5, 192 Pages - Voyage Vibes"
Ankitha Rajendaran,Travel,https://m.media-amazon.com/images/I/71IIHjD4sYL._AC_UY218_.jpg,350,4.6,15,"Why Not? Travel Odysseys of an Indian Passport, an Unstoppable Woman, many Misunderstood Lands"
Bill Bryson,Travel,https://m.media-amazon.com/images/I/91d2RIaLElL._AC_UY218_.jpg,309.,4.4,"23,357",A Walk In The Woods: The World's Funniest Travel Writer Takes a Hike (Bryson Book 8)
374,Travel,https://m.media-amazon.com/images/I/814RkWFToyL._AC_UY218_.jpg,245,4.6,374,DOODLE Hardbound Spiral travel Diary with Bookmark Dangler and 100+ Stickers | B5 | 160 Undated Ruled Pages | 80 GSM Acid Free Paper | Open Flat To Write Comfortably (India Travel Tales)
Morgan Housel,Business,https://m.media-amazon.com/images/I/71XEsXS5RlL._AC_UY218_.jpg,259,4.6,"73,500",The Psychology of Money
Peter Thiel,Business,https://m.media-amazon.com/images/I/61PDzIhVLnL._AC_UY218_.jpg,396,4.5,"32,573",Zero to One (L)
R. Mukund,Business,https://m.media-amazon.com/images/I/71HvAZf2tUL._AC_UY218_.jpg,197,4.3,411,Don't Sell Make them Buy : Upgrade Your Selling Skills
Steven Bartlett,Business,https://m.media-amazon.com/images/I/61PIpidSThL._AC_UY218_.jpg,590,4.5,"3,188",The Diary of a CEO: The 33 Laws of Business and Life
by,Business,https://m.media-amazon.com/images/I/71pnus++lbL._AC_UY218_.jpg,267,4.3,117,The Little Book Of Indian Business
Cal Newport,Business,https://m.media-amazon.com/images/I/81JJ7fyyKyS._AC_UY218_.jpg,232,4.5,"30,704",DEEP WORK: RULES FOR FOCUSED SUCCESS IN A DISTRACTED WORLD
Ben Horowitz,Business,https://m.media-amazon.com/images/I/810u9MkT3SL._AC_UY218_.jpg,440,4.6,"14,796",The Hard Thing about Hard Thing: Building a Business When There are No Easy Answers
James Clear,Business,https://m.media-amazon.com/images/I/81F90H7hnML._AC_UY218_.jpg,471,4.6,"77,738",Atomic Habits: The life-changing million copy bestseller
Darius Foroux,Business,https://m.media-amazon.com/images/I/61jCkOVf1oL._AC_UY218_.jpg,181,4.4,"10,590","Do It Today: Overcome Procrastination, Improve Productivity and Achieve More Meaningful Things | A Life-Changing Guide to Doing What Matters Now"
Mikael Roman Krogerus Tschäppeler,Business,https://m.media-amazon.com/images/I/61BANOi0YVL._AC_UY218_.jpg,265,4.5,207,The Decision Book (New Edition)
by,Business,https://m.media-amazon.com/images/I/710WD7s7r3L._AC_UY218_.jpg,180,4.6,"19,650",THE COMPOUND EFFECT
Marshall Goldsmith,Business,https://m.media-amazon.com/images/I/71p-nhX8CoL._AC_UY218_.jpg,229,4.5,"1,678",WHAT GOT YOU HERE WON'T GET YOU THERE: HOW SUCCESSFUL PEOPLE BECOME EVEN MORE SUCCESSFUL
Josh Kaufman,Business,https://m.media-amazon.com/images/I/71sIhKrsvQL._AC_UY218_.jpg,478,4.5,"7,570",The Personal MBA: A World-Class Business Education in a Single Volume
Harinder Singh Pelia,Business,https://m.media-amazon.com/images/I/71bzmyCSs-L._AC_UY218_.jpg,263,4.5,82,The Psychology of Marketing: How Marketers Trick Us Into Buying More
Harpreet Grover,Business,https://m.media-amazon.com/images/I/71aw-JPsQbS._AC_UY218_.jpg,200,4.5,641,Let's Build a Company
DK,Business,https://m.media-amazon.com/images/I/81VZxipZvwL._AC_UY218_.jpg,879,4.6,"1,321",The Business Book
60,Health & Fitness,https://m.media-amazon.com/images/I/516SbvDLPZL._AC_UY218_.jpg,798,4.2,60,"SHENZATION Fitness & Diet Planner, Workout Diet Meal Planner, Gym Log Book, Food Journal, Habit Tracker, Daily Record Fitness Journal for Men & Women, Workout Journal, Undated Dairy Planner"
Mukesh Bansal,Health & Fitness,https://m.media-amazon.com/images/I/91FJfQHkxIL._AC_UY218_.jpg,316,4.5,510,Hacking Health: The Only Book You’ll Ever Need to Live Your Healthiest Life
Mark Hyman,Health & Fitness,https://m.media-amazon.com/images/I/81S2jnJ3A7L._AC_UY218_.jpg,356,4.4,"2,966","Young Forever: The Secrets to Living Your Longest, Healthiest Life"
Raj Ganpath,Health & Fitness,https://m.media-amazon.com/images/I/81RdXBjNrjL._AC_UY218_.jpg,220,4.6,81,"Simple, Not Easy: A No-Nonsense Guide to Fitness, Nutrition and Weight Loss"
Gagan Dhawan,Health & Fitness,https://m.media-amazon.com/images/I/61luL+1LqYL._AC_UY218_.jpg,212,4.3,87,The New Me ǀ A guidebook to perfect health ǀ Keys to a healthy lifestyle
Emeran Mayer,Health & Fitness,https://m.media-amazon.com/images/I/71aBnlgaJbL._AC_UY218_.jpg,349,4.4,"3,520","The Mind-Gut Connection: How the Hidden Conversation Within Our Bodies Impacts Our Mood, Our Choices and Our Overall Health"
Jitendra Chouksey,Health & Fitness,https://m.media-amazon.com/images/I/81wQ8hRlNiL._AC_UY218_.jpg,197,4.5,935,"LOSE FAT, GET FITTR: THE SIMPLE SCIENCE OF STAYING HEALTHY FOR LIFE"
Rujuta Diwekar,Health & Fitness,https://m.media-amazon.com/images/I/71-aU48GI9L._AC_UY218_.jpg,239,4.4,"4,839",The 12-Week Fitness Project:Updated For 2021 With 12 Extra
Zeitgeist Wellness,Health & Fitness,https://m.media-amazon.com/images/I/71pH-u+JIUL._AC_UY218_.jpg,344,4.5,"2,730",Training for a Healthy Life: A Daily Food and Fitness Journal
Madhur Kotharay,Health & Fitness,https://m.media-amazon.com/images/I/61B2uEEi1RL._AC_UY218_.jpg,248,4.6,41,Superfoods Super Life
Subah Saraf,Health & Fitness,https://m.media-amazon.com/images/I/61Abm3DCN2L._AC_UY218_.jpg,256,4.7,"1,431",The Satvic Revolution: 7 Life-Changing Habits to Discover Peak Health and Joy
Dr Emma Ross,Health & Fitness,https://m.media-amazon.com/images/I/71aMQleFhrL._AC_UY218_.jpg,445.,4.5,115,The Female Body Bible: Make Your Body Work For You
Dr Karan Rajan,Health & Fitness,https://m.media-amazon.com/images/I/71v7NronpGL._AC_UY218_.jpg,487,4.7,"1,279",This Book May Save Your Life: Everyday Health Hacks to Worry Less and Live Better
Amaresh Ojha and Subhra Moitra,Health & Fitness,https://m.media-amazon.com/images/I/61Z+TZ8CZZL._AC_UY218_.jpg,194,4.2,335,Fitness Habits
Payal Kothari,Health & Fitness,https://m.media-amazon.com/images/I/71MCifUrbCL._AC_UY218_.jpg,241,4.3,561,THE GUT: Story of Our Incredible Second Brain
Adam Sinicki,Health & Fitness,https://m.media-amazon.com/images/I/81EKmoC4ONL._AC_UY218_.jpg,"1,319",4.6,"1,201","Functional Training and Beyond: Building the Ultimate Superfunctional Body and Mind (Building Muscle and Performance, Weight Training, Men's Health)"
by,Health & Fitness,https://m.media-amazon.com/images/I/81QGUP3vyEL._AC_UY218_.jpg,284,4.3,7,Fitness Machine: The Extraordinary Life of Kiran Dembla | Women Fitness | Fit Life | Success Story | Health Living
